{"train_loss": 2.9136936063878238e-05, "_timestamp": 1666903768.3834527, "_runtime": 820.2470157146454, "_step": 3567, "train_accuracy": 1.0, "test_accuracy": 0.46774193548387094, "best_test_accuracy": 0.5495391705069125}