{"train_loss": 0.0025970779825001955, "_timestamp": 1666903560.0438473, "_runtime": 611.9074103832245, "_step": 2675, "train_accuracy": 0.9546783625730995, "test_accuracy": 0.4942396313364055, "best_test_accuracy": 0.5495391705069125}