{"train_loss": 0.01418784074485302, "_timestamp": 1666902937.183108, "_runtime": 895.6383090019226, "_step": 3999, "train_accuracy": 0.49902534113060426, "test_accuracy": 0.5011520737327189, "best_test_accuracy": 0.5748847926267281, "_wandb": {"runtime": 894}}