{"train_loss": 0.01418784074485302, "_timestamp": 1666905864.6831717, "_runtime": 850.2753188610077, "_step": 3999, "train_accuracy": 0.49902534113060426, "test_accuracy": 0.5011520737327189, "best_test_accuracy": 0.5748847926267281, "_wandb": {"runtime": 849}}