{"train_loss": 0.01418784074485302, "_timestamp": 1666913464.6653256, "_runtime": 889.4779026508331, "_step": 3999, "train_accuracy": 0.49902534113060426, "test_accuracy": 0.5011520737327189, "best_test_accuracy": 0.5748847926267281, "_wandb": {"runtime": 888}}