{"train_loss": 0.005197970662266016, "_timestamp": 1666902031.4170544, "_runtime": 907.4437003135681, "_step": 3999, "train_accuracy": 0.9005847953216374, "test_accuracy": 0.5852534562211982, "best_test_accuracy": 0.6866359447004609, "_wandb": {"runtime": 905}}