{"train_loss": 7.81947801442584e-06, "_timestamp": 1666927976.1038594, "_runtime": 885.3633964061737, "_step": 3999, "train_accuracy": 1.0, "test_accuracy": 0.5011520737327189, "best_test_accuracy": 0.5518433179723502, "_wandb": {"runtime": 884}}