{"train_loss": 1.765646447893232e-05, "_timestamp": 1666920208.3457038, "_runtime": 882.8467829227448, "_step": 3999, "train_accuracy": 1.0, "test_accuracy": 0.478110599078341, "best_test_accuracy": 0.5380184331797235, "_wandb": {"runtime": 882}}