{"train_loss": 5.3877094615017995e-05, "_timestamp": 1666925386.0096965, "_runtime": 861.5914285182953, "_step": 3999, "train_accuracy": 1.0, "test_accuracy": 0.4435483870967742, "best_test_accuracy": 0.5368663594470046, "_wandb": {"runtime": 860}}