{"train_loss": 0.01418784074485302, "_timestamp": 1666908951.4930055, "_runtime": 886.3931815624237, "_step": 3999, "train_accuracy": 0.49902534113060426, "test_accuracy": 0.5011520737327189, "best_test_accuracy": 0.5748847926267281, "_wandb": {"runtime": 885}}