{"train_loss": 0.005197970662266016, "_timestamp": 1666908055.6212935, "_runtime": 899.711918592453, "_step": 3999, "train_accuracy": 0.9005847953216374, "test_accuracy": 0.5852534562211982, "best_test_accuracy": 0.6866359447004609, "_wandb": {"runtime": 898}}